HIJWH8M01CC9LH_frame=1,MKLTCVVIVAVLLLTACQLITADDSRGTQKHRALRSSTKLTLSTRCKSPGTPCSRGMRDCCTSCLLYSNKCR
HIJWH8M01CC9LH_frame=1,MKLTCVVIVAVLLLTACQLITAD, CKSPGTPCSRGMRDCCTSCLLYSNKC
HIJWH8M01EF5QW_frame=4,CKSPGTPCSRGMRDCCTSCLLYSNKCR
HIJWH8M01EF5QW_frame=4,CKSPGTPCSRGMRDCCTSCLLYSNKCRRWLRSAYIC
HIJWH8M01BLHDM_frame=4,MKLTCVVIVAVLLLTACQLITADDSRGTQKHRALRSSTKLTLSTRCKSPGTPCSRGMRDCCTSCLLYSNKCR
HIJWH8M01BLHDM_frame=4,MKLTCVVIVAVLLLTACQLITAD, CKSPGTPCSRGMRDCCTSCLLYSNKC
HIJWH8M01B584I_frame=4,VIVAVLLLTACQLITADDSRGTQKHRALRSSTKLTLSTRCVPSGGSCSRTAYSCCHGSCSGGRC
HIJWH8M01B584I_frame=4,VIVAVLLLTACQLITAD, CVPSGGSCSRTAYSCCHGSCSGGRC
HIJWH8M01CY53H_frame=4,MKLTCVVIVAVLLLTACQLITADDSRGTQKHRALRSSTKLTLSTRCKSPGTPCSRGMRDCCTSCLLYSNKCR
HIJWH8M01CY53H_frame=4,MKLTCVVIVAVLLLTACQLITAD, CKSPGTPCSRGMRDCCTSCLLYSNKC
HIJWH8M01D4K4J_frame=6,MKLTCVVIVAVLLLTACQLITADDSRGTQKHRALRSSTKLTLSTRCKSPGTPCSRGMRDCCTSCLLYSNKCR
HIJWH8M01D4K4J_frame=6,MKLTCVVIVAVLLLTACQLITAD, CKSPGTPCSRGMRDCCTSCLLYSNKC
HIJWH8M01EEONC_frame=6,MKLTCVVIVAVLLLTACQLITADDSRGTQKHRALRSSTKLTLSTRCKSPGTPCSRGMRDCCTSCLLYSNKCR
HIJWH8M01EEONC_frame=6,MKLTCVVIVAVLLLTACQLITAD, CKSPGTPCSRGMRDCCTSCLLYSNKC
HIJWH8M01DKMPI_frame=3,MKLTCVVIVAVLLLTACQLITADDSRGTQKHRALRSSTKLTLSTRCKSPGTPCSRGMRDCCTSCLLYSNKCR
HIJWH8M01DKMPI_frame=3,MKLTCVVIVAVLLLTACQLITAD, CKSPGTPCSRGMRDCCTSCLLYSNKC
HIJWH8M01DKXYO_frame=3,MKLTCVVIVAVLLLTACQLITADDSRGTQKHRALRSSTKLTLSTRCKSPGTPCSRGMRDCCTSCLLYSNKCR
HIJWH8M01DKXYO_frame=3,MKLTCVVIVAVLLLTACQLITAD, CKSPGTPCSRGMRDCCTSCLLYSNKC
HIJWH8M01CN38A_frame=4,MGMRMVFTVFLLVVLASTIVSFTSDRASDGRNVAAKAFHRIGRTIRDECCSNPACRVNNPHVC
HIJWH8M01CN38A_frame=4,MGMRMVFTVFLLVVLASTIVSFTS, FTSDRASDGRNVAAKAFHRIGRTIRDE, IGRTIRDECCSNPACRVNNPHVC
HIJWH8M01B7T1H_frame=6,DSRGTQKHRALGSTTELSLSTRCKSPGSSCSPTSYNCCRSCNPYTKRC
HIJWH8M01B7T1H_frame=6,CKSPGSSCSPTSYNCCRSCNPYTKRCSGSSASSPFC
HIJWH8M01BZT45_frame=6,VAVLLLTACQLITADDSRGTQKHRALRSSTKLTLSTRCKSPGTPCSRGMRDCCTSCLLYSNKCR
HIJWH8M01BZT45_frame=6,CKSPGTPCSRGMRDCCTSCLLYSNKC
HIJWH8M01BD9JX_frame=2,MKLTCVVIVAVLLLTACQLITADDSRGTQKHRALGSTTELSLSTRCKSPGSSCSPTSYNCCRSCNPYTKRCY
HIJWH8M01BD9JX_frame=2,MKLTCVVIVAVLLLTACQLITAD, CKSPGSSCSPTSYNCCRSCNPYTKRC
HIJWH8M01CO9BL_frame=2,MKLFLAIVLILMLQFLSTGAETSDNHASRSTTALRDWLLGPKAKRCAVTHEKCSDDYDCCGSLCCVGICAKTIAPCK*ISVVWQGAVLAC
HIJWH8M01CO9BL_frame=2,
HIJWH8M01CBRFB_frame=3,MKLTCVVIVAVLLLTACQLITADDSRGTQKHRALRSSTKLTLSTRCKSPGTPCSRGMRDCCTSCLLYSNKCR
HIJWH8M01CBRFB_frame=3,MKLTCVVIVAVLLLTACQLITAD, CKSPGTPCSRGMRDCCTSCLLYSNKC
HIJWH8M01AT4K2_frame=2,WGECSDFLTGCTSPSQCCSENCETYCRAW
HIJWH8M01AT4K2_frame=2,
HIJWH8M01BTZB2_frame=3,MKLTCVVIVAVLLLTACQLITADDSRGTQKHRALGSTTELSLSTRCKSPGSSCSPTSYNCCRSCNPYTKRCY
HIJWH8M01BTZB2_frame=3,MKLTCVVIVAVLLLTACQLITAD, CKSPGSSCSPTSYNCCRSCNPYTKRC
HIJWH8M01CBFKJ_frame=6,MKLTCVVIVAVLLLTACQLITADDSRGTQKHRALRSSTKLTLSTRCKSPGTPCSRGMRDCCTSCLLYSNKCR
HIJWH8M01CBFKJ_frame=6,MKLTCVVIVAVLLLTACQLITAD, CKSPGTPCSRGMRDCCTSCLLYSNKC
HIJWH8M01EQ65E_frame=3,MKLTCVVIVAVLLLTACQLITADDSRGTQKHRALRSSTKLTLSTRCKSPGTPCSRGMRDCCTSCLLYSNKCR
HIJWH8M01EQ65E_frame=3,MKLTCVVIVAVLLLTACQLITAD, CKSPGTPCSRGMRDCCTSCLLYSNKC
HIJWH8M01EWHW2_frame=2,MKLTCVVIVAVLLLTACQLITADDSRGTQKHRALRSSTKLTLSTRCKSPGTPCSRGMRDCCTSCLLYSNKCR
HIJWH8M01EWHW2_frame=2,MKLTCVVIVAVLLLTACQLITAD, CKSPGTPCSRGMRDCCTSCLLYSNKC
HIJWH8M01AQSSS_frame=5,MKLTCVVIVAVLLLTACQLITADDSRGTQKHRALRSSTKLTLSTRCKSPGTPCSRGMRDCCTSCLLYSNKCR
HIJWH8M01AQSSS_frame=5,MKLTCVVIVAVLLLTACQLITAD, CKSPGTPCSRGMRDCCTSCLLYSNKC
HIJWH8M01A8NNB_frame=2,MKLTCVVIVAVLLLTACQLITADDSRGTQKHRALRSSTKLTLSTRCVPSGGSCSRTAYSCCHGSCSGGRC
HIJWH8M01A8NNB_frame=2,MKLTCVVIVAVLLLTACQLITAD, CVPSGGSCSRTAYSCCHGSCSGGRC
HIJWH8M01EWD6S_frame=4,MKLTCVVIVAVLLLTACQLITADDSRGTQKHRALRSSTKLTLSTRCKSPGTPCSRGMRDCCTSCLLYSNKCR
HIJWH8M01EWD6S_frame=4,MKLTCVVIVAVLLLTACQLITAD, CKSPGTPCSRGMRDCCTSCLLYSNKC
HIJWH8M01B9KZG_frame=4,MGMRMMFTVFLLVVLAATIVSFTSDRASDGRNVAAKAFHRIGRTIRDECCSNPACRVNNPHVC
HIJWH8M01B9KZG_frame=4,MGMRMMFTVFLLVVLAATIVSFTS, FTSDRASDGRNVAAKAFHRIGRTIRDE, IGRTIRDECCSNPACRVNNPHVCRRR
HIJWH8M01AM89U_frame=3,MKLTCVVIVAALLLTACQLITALDCGGTQKHRALRSTIKLSLLRQHRGWCGDPGATCGKLRLYCCSGFCDCYTKTC
HIJWH8M01AM89U_frame=3,MKLTCVVIVAALLLTACQLITA, CGDPGATCGKLRLYCCSGFCDCYTKTC
HIJWH8M01CUMJB_frame=6,VAVLLLTACQLITADDSRGTQKHRALGSTTELSLSTRCKSPGSSCSPTSYNCCRSCNPYTKRC
HIJWH8M01CUMJB_frame=6,CKSPGSSCSPTSYNCCRSCNPYTKRCSGSSASSPFC
HIJWH8M01CIOGA_frame=6,MKLTCVVIVAVLLLTACQLITADDSRGTQKHRALGSTTELSLSTRCKSPGSSCSPTSYNCCRSCNPYTKRCY
HIJWH8M01CIOGA_frame=6,MKLTCVVIVAVLLLTACQLITAD, CKSPGSSCSPTSYNCCRSCNPYTKRCYGSSASSPFC
HIJWH8M01C7QMT_frame=5,MKLTCVVIVAVLLLTACQLITADDSRGTQKHRALRSSTKLTLSTRCVPSGGSCSRTAYSCCHGSCSGGRC
HIJWH8M01C7QMT_frame=5,MKLTCVVIVAVLLLTACQLITAD, CVPSGGSCSRTAYSCCHGSCSGGRC
HIJWH8M01C8ZXL_frame=5,MKLTCVVIVAVLLLTACQLITADDSRGTQKHRALGSTTELSLSTRCKSPGSSCSPTSYNCCRSCNPYTKRCY
HIJWH8M01C8ZXL_frame=5,MKLTCVVIVAVLLLTACQLITAD, CKSPGSSCSPTSYNCCRSCNPYTKRC
HIJWH8M01C3RI4_frame=4,MKLTCVVIVAVLLLTACQLITADDSRGTQKHRALRSSTKLTLSTRCKSPGTPCSRGMRDCCTSCLLYSNKCR
HIJWH8M01C3RI4_frame=4,MKLTCVVIVAVLLLTACQLITAD, CKSPGTPCSRGMRDCCTSCLLYSNKC
HIJWH8M01CN68N_frame=2,MKLTCVVIVAVLLLTACQLITADDSRGTQKHRALGSTTELSLSTRCKSPGSSCSPTSYNCCRSCNPYTKRCY
HIJWH8M01CN68N_frame=2,MKLTCVVIVAVLLLTACQLITAD, CKSPGSSCSPTSYNCCRSCNPYTKRC
HIJWH8M01EGJMU_frame=3,ANPSPSCANDNQSSGCRREAGDAKGRKELQSEKIRHSETKTRECEMLCEQEEKHCCRIRNENIQCAPRCL
HIJWH8M01EGJMU_frame=3,ECEMLCEQEEKHCCRIRNENIQCAPRCLGIGVFLYTVSFIILSVHVTRHVRKSKVVRNLIS
HIJWH8M01BJK6D_frame=6,MKLTCVVIVAVLLLTACQLITADDSRGTQKHRALGSTTELSLSTRCKSPGSSCSPTSYNCCRSCNPYTKRCY
HIJWH8M01BJK6D_frame=6,MKLTCVVIVAVLLLTACQLITAD, CKSPGSSCSPTSYNCCRSCNPYTKRCYGSSASSPFC
HIJWH8M01COP9L_frame=3,MKLTCVVIVAVLLLTACQLITADDSRGTQKHRALRSSTKLTLSTRCKSPGTPCSRGMRDCCTSCLLYSNKCR
HIJWH8M01COP9L_frame=3,MKLTCVVIVAVLLLTACQLITAD, CKSPGTPCSRGMRDCCTSCLLYSNKC
HIJWH8M01EIB2I_frame=5,ANPSPSCANDNQSSGCRREAGDAKGRKELQSEKIRHSETKTRECEMLCEQEEKHCCRIRNENIQCAPRCL
HIJWH8M01EIB2I_frame=5,ECEMLCEQEEKHCCRIRNENIQCAPRCL
HIJWH8M01CELRS_frame=5,LLLTACQLITADDSRGTQKHRALRSSTKLTLSTRCKSPGTPCSRGMRDCCTSCLLYSNKCR
HIJWH8M01CELRS_frame=5,CKSPGTPCSRGMRDCCTSCLLYSNKC
HIJWH8M01B9C11_frame=5,MKLTCVVIVAVLLLTACQLITADDSRGTQKHRALGSTTELSLSTRCKSPGSSCSPTSYNCCRSCNPYTKRCY
HIJWH8M01B9C11_frame=5,MKLTCVVIVAVLLLTACQLITAD, CKSPGSSCSPTSYNCCRSCNPYTKRCYGSSASSPFC
HIJWH8M01ARNDA_frame=2,MKLTCVVIVAVLLLTACQLITADDSRGTQKHRALGSTTELSLSTRCKSPGSSCSPTSYNCCRSCNPYTKRCY
HIJWH8M01ARNDA_frame=2,MKLTCVVIVAVLLLTACQLITAD, CKSPGSSCSPTSYNCCRSCNPYTKRC
HIJWH8M01CL2RB_frame=5,MKLTCVVIVAVLLLTACQLITADDSRGTQKHRALRSSTKLTLSTRCKSPGTPCSRGMRDCCTSCLLYSNKCR
HIJWH8M01CL2RB_frame=5,MKLTCVVIVAVLLLTACQLITAD, CKSPGTPCSRGMRDCCTSCLLYSNKC
HIJWH8M01CRMJP_frame=3,KMGAMFVLLLLFTLASSLQEGDVQARKTRLKSDFYRALARDVGECTHCGGADCTGSCTCTNWSSCVCMNFSSSEEGECGCTC
HIJWH8M01CRMJP_frame=3,
HIJWH8M01DQ1XK_frame=1,GEEELQENQELIREKSNGK
HIJWH8M01DQ1XK_frame=1,GEEELQENQELIREKSN
HIJWH8M01CLNTC_frame=6,MKLTCVVIVAVLLLTACQLITADDSRGTQKHRALGSTTELSLSTRCKSPGSSCSPTSYNCCRSCNPYTKRC
HIJWH8M01CLNTC_frame=6,MKLTCVVIVAVLLLTACQLITAD, CKSPGSSCSPTSYNCCRSCNPYTKRCSGSSASSPFC
HIJWH8M01BL5IW_frame=6,QMKRILKQRGNKARGEEELQENQELIREKV
HIJWH8M01BL5IW_frame=6,ILTLNFEEWCVCMCKLYHTIMRIGRNFADPCTESRRQIVITKFDLNQRTH
HIJWH8M01BAOI7_frame=6,MKLTCVVIVAVLLLTACQLITADDSRGTQKHRALRSSTKLTLSTRCKSPGTPCSRGMRDCCTSCLLYSNKCR
HIJWH8M01BAOI7_frame=6,MKLTCVVIVAVLLLTACQLITAD, CKSPGTPCSRGMRDCCTSCLLYSNKC
HIJWH8M01C00AH_frame=6,MKLTCVVIVAVLLLTACQLITADDSRGTQKHRALRSSTKLTLSTRCKSPGTPCSRGMRDCCTSCLLYSNKCR
HIJWH8M01C00AH_frame=6,MKLTCVVIVAVLLLTACQLITAD, CKSPGTPCSRGMRDCCTSCLLYSNKC
HIJWH8M01BPA0I_frame=2,MKLTCVVIVAVLLLTACQLITADDSRGTQKHRALRSSTKLTLSTRCKSPGTPCSRGMRDCCTSCLLYSNKCR
HIJWH8M01BPA0I_frame=2,MKLTCVVIVAVLLLTACQLITAD, CKSPGTPCSRGMRDCCTSCLLYSNKC
HIJWH8M01AXH8C_frame=5,MSGLRIMVLTLLLLVLMTTSHQDAGEKQAMQRDAKNFSRRRLGIRKPKTRECEMLCEQEEKHCCRIRNENIQCAPRCL
HIJWH8M01AXH8C_frame=5,MSGLRIMVLTLLLLVLMTTSHQDA, TSHQDAGEKQAMQRDAKNFSRRR
HIJWH8M01EOCCW_frame=6,MSGLRIMVLTLLLLVLMTTSHQDAGEKQAMQRDAKNFSRRRLGIRKPKTRECEMLCEQEEKHCCRIRNENIQCAPRCL
HIJWH8M01EOCCW_frame=6,MSGLRIMVLTLLLLVLMTTSHQDA, TSHQDAGEKQAMQRDAKNFSRRR
HIJWH8M01B1K7K_frame=5,MKLTCVVIVAVLLLTACQLITADDSRGTQKHRALRSSTKLTLSTRCKSPGTPCSRGMRDCCTSCLLYSNKCR
HIJWH8M01B1K7K_frame=5,MKLTCVVIVAVLLLTACQLITAD, CKSPGTPCSRGMRDCCTSCLLYSNKC
HIJWH8M01EE8XZ_frame=6,MKLTCVVIVAVLLLTACQLITADDSRGTQKHRALRSSTKLTLSTRCKSPGTPCSRGMRDCCTSCLLYSNKCR
HIJWH8M01EE8XZ_frame=6,MKLTCVVIVAVLLLTACQLITAD, CKSPGTPCSRGMRDCCTSCLLYSNKC
HIJWH8M01DBT1C_frame=4,MSGLRIMVLTLLLLVLMTTSHQDAGEKQAMQRDAKNFSRRRLGIRKPKTRECEMLCEQEEKHCCRIRNENIQCAPRCL
HIJWH8M01DBT1C_frame=4,MSGLRIMVLTLLLLVLMTTSHQDA, TSHQDAGEKQAMQRDAKNFSRRR
HIJWH8M01B0YFC_frame=1,MKLTCVVIVAVLLLTACQLITADDSRGTQKHRALRSSTKLTLSTRCVPSGGSCSRTAYSCCHGSCSGGRC
HIJWH8M01B0YFC_frame=1,MKLTCVVIVAVLLLTACQLITAD, ITADDSRGTQKHRALRSSTKLTLSTRCVPSGGSCSRTAYSCCHGSCSGGRCGSSASSPF, CVPSGGSCSRTAYSCCHGSCSGGRC
HIJWH8M01C0AD4_frame=6,MKLTCVVIVAVLLLTACQLITADDSRGTQKHRALRSSTKLTLSTRCKSPGTPCSRGMRDCCTSCLLYSNKCR
HIJWH8M01C0AD4_frame=6,MKLTCVVIVAVLLLTACQLITAD, CKSPGTPCSRGMRDCCTSCLLYSNKC
HIJWH8M01AGMUT_frame=5,MKLTCVVIVAVLLLTACQLITADDSRGTQKHRALRSSTKLTLSTRCKSPGTPCSRGMRDCCTSCLLYSNKCR
HIJWH8M01AGMUT_frame=5,MKLTCVVIVAVLLLTACQLITAD, CKSPGTPCSRGMRDCCTSCLLYSNKC
HIJWH8M01DH34T_frame=1,MKLTCVVIVAALLLTACQLITALDCGGTQKHRALRSTIKLSLLRQHRGWCGDPGATCGKLRLYCCSGFCDCYTKTC
HIJWH8M01DH34T_frame=1,MKLTCVVIVAALLLTACQLITA, CGDPGATCGKLRLYCCSGFCDCYTKTC
HIJWH8M01BXISQ_frame=6,MSGLRIMVLTLLLLVLMTTSHQDAGEKQAMQRDAKNFSRRRLGIRKPKTRECEMLCEQEEKHCCRIRNENIQCAPRCL
HIJWH8M01BXISQ_frame=6,MSGLRIMVLTLLLLVLMTTSHQDA, TSHQDAGEKQAMQRDAKNFSRRR
HIJWH8M01DR2FT_frame=4,ANPSPSCANDNQSSGCRREAGDAKGRKELQSEKIRHSETKTRECEMLCEQEEKHCCRIRNENIQCAPRCL
HIJWH8M01DR2FT_frame=4,ECEMLCEQEEKHCCRIRNENIQCAPRCL
HIJWH8M01CR9X6_frame=5,MGMRMMFTVFLLVVLAATIVSFTSDRASDGRNVAAKAFHRIGRTIRDECCSNPACRVNNPHVC
HIJWH8M01CR9X6_frame=5,MGMRMMFTVFLLVVLAATIVSFTS, FTSDRASDGRNVAAKAFHRIGRTIRDE, IGRTIRDECCSNPACRVNNPHVCRRR
HIJWH8M01D5DEF_frame=5,MKLTCVVIVAVLLLTACQLITADDSRGTQKHRALRSSTKLTLSTRCKSPGTPCSRGMRDCCTSCLLYSNKCR
HIJWH8M01D5DEF_frame=5,MKLTCVVIVAVLLLTACQLITAD, CKSPGTPCSRGMRDCCTSCLLYSNKC
HIJWH8M01AZQA6_frame=6,MSGLRIMVLTLLLLVLMTTSHQDAGEKQAMQRDAKNFSRRRLGIRKPKTRECEMLCEQEEKHCCRIRNENIQCAPRCL
HIJWH8M01AZQA6_frame=6,MSGLRIMVLTLLLLVLMTTSHQDA, TSHQDAGEKQAMQRDAKNFSRRR
HIJWH8M01A4XO4_frame=5,MKLTCVVIVAVLLLTACQLITADDSRGTQKHRALRSSTKLTLSTRCVPSGGSCSRTAYSCCHGSCSGGRC
HIJWH8M01A4XO4_frame=5,MKLTCVVIVAVLLLTACQLITAD, CVPSGGSCSRTAYSCCHGSCSGGRC
HIJWH8M01DMJQ8_frame=4,MKLTCVVIVAVLLLTACQLITADDSRGTQKHRALRSSTKLTLSTRCVPSGGSCSRTAYSCCHGSCSGGRC
HIJWH8M01DMJQ8_frame=4,MKLTCVVIVAVLLLTACQLITAD, CVPSGGSCSRTAYSCCHGSCSGGRC
HIJWH8M01C8AC3_frame=6,RHLSADLK*KTFIMEKLTILLLVAAVLMSTQAMIQGGGENRPKKNIKYLSKSQRSAESGIWGECSDFLTGCTSPSQCCSENCDTYCRAW
HIJWH8M01C8AC3_frame=6,MEKLTILLLVAAVLMSTQAMIQ, SAESGIWGECSDFLTGCTSPSQCCSENCDTYCRAWTLTTSY
HIJWH8M01D85C3_frame=5,MGMRMVFTVFLLVVLAATIVSFTSDRASDGRNVAAKAFHRIGRTIRDECCSNPACRVNNPHVC
HIJWH8M01D85C3_frame=5,MGMRMVFTVFLLVVLAATIVSFTS, FTSDRASDGRNVAAKAFHRIGRTIRDE, IGRTIRDECCSNPACRVNNPHVC
HIJWH8M01B82DF_frame=6,MKLTCVVIVAVLLLTACQLITADDSRGTQKHRALRSSTKLTLSTRCKSPGTPCSRGMRDCCTSCLLYSNKCR
HIJWH8M01B82DF_frame=6,MKLTCVVIVAVLLLTACQLITAD, CKSPGTPCSRGMRDCCTSCLLYSNKC
HIJWH8M01A9SRY_frame=5,MGMRMMFTVFLLVVLAATIVSFTSDRASDGRNVAAKAFHRIGRTIRDECCSNPACRVNNPHVC
HIJWH8M01A9SRY_frame=5,MGMRMMFTVFLLVVLAATIVSFTS, FTSDRASDGRNVAAKAFHRIGRTIRDE, IGRTIRDECCSNPACRVNNPHVCRRR
HIJWH8M01AX3WK_frame=6,MKLTCVVIVAVLLLTACQLITADDSRGTQKHRALRSSTKLTLSTRCKSPGTPCSRGMRDCCTSCLLYSNKCR
HIJWH8M01AX3WK_frame=6,MKLTCVVIVAVLLLTACQLITAD, CKSPGTPCSRGMRDCCTSCLLYSNKC
HIJWH8M01EW6V2_frame=5,MKLTCVVIVAVLLLTACQLITADDSRGTQKHRALRSSTKLTLSTRCKSPGTPCSRGMRDCCTSCLLYSNKCR
HIJWH8M01EW6V2_frame=5,MKLTCVVIVAVLLLTACQLITAD, CKSPGTPCSRGMRDCCTSCLLYSNKC
HIJWH8M01D37S6_frame=4,MKLTCVVIVAVLLLTACQLITADDSRGTQKHRALRSSTKLTLSTRCKSPGTPCSRGMRDCCTSCLLYSNKCR
HIJWH8M01D37S6_frame=4,MKLTCVVIVAVLLLTACQLITAD, CKSPGTPCSRGMRDCCTSCLLYSNKC
HIJWH8M01DKX2C_frame=6,MKLTCVVIVAVLLLTACQLITADDSRGTQKHRALGSTTELSLSTRCKSPGSSCSPTSYNCCRSCNPYTKRCY
HIJWH8M01DKX2C_frame=6,MKLTCVVIVAVLLLTACQLITAD, CKSPGSSCSPTSYNCCRSCNPYTKRCYGSSASSPFC
HIJWH8M01CZNA6_frame=5,DRLTQMKRILKQRGNKARGEEELQENQELIREKV
HIJWH8M01CZNA6_frame=5,ILTLNFEEWCVCMCKLYHTIMRIGRNFADPCTESRRQIVITKFDLNQRTH
HIJWH8M01CG53Y_frame=2,MKLTCVVIVAVLLLTACQLITADDSRGTQKHRALGSTTELSLSTRCKSPGSSCSPTSYNCCRSCNPYTKRCY
HIJWH8M01CG53Y_frame=2,MKLTCVVIVAVLLLTACQLITAD, CKSPGSSCSPTSYNCCRSCNPYTKRCYGSSASSPFC
HIJWH8M01AN74D_frame=6,MKLTCVVIVAVLLLTACQLITADDSRGTQKHRALRSSTKLTLSTRCVPSGGSCSRTAYSCCHGSCSGGRC
HIJWH8M01AN74D_frame=6,MKLTCVVIVAVLLLTACQLITAD, CVPSGGSCSRTAYSCCHGSCSGGRC
HIJWH8M01DNDTH_frame=4,MKLTCVVIVAVLLLTACQLITADDSRGTQKHRALRSSTKLTLSTRCKSPGTPCSRGMRDCCTSCLLYSNKCR
HIJWH8M01DNDTH_frame=4,MKLTCVVIVAVLLLTACQLITAD, CKSPGTPCSRGMRDCCTSCLLYSNKCRRYPSASSPFCALFLSAVLLTKWSTTHHLLL
HIJWH8M01EEDC0_frame=2,VIVAVLLLTACQLITALDSRGTQKHHALRSTTKLSMLRTRRDWCGDAGDACGTLKLRCCSGLCNQYSGTCT
HIJWH8M01EEDC0_frame=2,CGDAGDACGTLKLRCCSGLCNQYSGTC
HIJWH8M01CO4EM_frame=1,MGMRMVFTVFLLVVLAATIVSFTSDRASDGRNVAAKAFHRIGRTIRDECCSNPACRVNNPHVC
HIJWH8M01CO4EM_frame=1,TMGMRMVFTVFLLVVLAATIVSFTS, FTSDRASDGRNVAAKAFHRIGRTIRDE, IGRTIRDECCSNPACRVNNPHVC
HIJWH8M01ASKLS_frame=4,MSGLRIMVLTLLLLVLMTTSHQDAGEKQAMQRDAKNFSRRRLGIRKPKTRECEMLCEQEEKHCCRIRNENIQCAPRCL
HIJWH8M01ASKLS_frame=4,MSGLRIMVLTLLLLVLMTTSHQDA, TSHQDAGEKQAMQRDAKNFSRRR
HIJWH8M01EH8WZ_frame=4,MKLTCVVIVAVLLLTACQLITADDSRGTQKHRALRSSTKLTLSTRCVPSGGSCSRTAYSCCHGSCSGGRC
HIJWH8M01EH8WZ_frame=4,MKLTCVVIVAVLLLTACQLITAD, CVPSGGSCSRTAYSCCHGSCSGGRC
HIJWH8M01BAJSY_frame=6,MKLTCVVIVAVLLLTACQLITADDSRGTQKHRALRSSTKLTLSTRCKSPGTPCSRGMRDCCTSCLLYSNKCR
HIJWH8M01BAJSY_frame=6,MKLTCVVIVAVLLLTACQLITAD, CKSPGTPCSRGMRDCCTSCLLYSNKC
HIJWH8M01CDVRO_frame=4,MKLTCVVIVAVLLLTACQLITADDSRGTQKHRALRSSTKLTLSTRCKSPGTPCSRGMRDCCTSCLLYSNKCR
HIJWH8M01CDVRO_frame=4,MKLTCVVIVAVLLLTACQLITAD, CKSPGTPCSRGMRDCCTSCLLYSNKC
HIJWH8M01AK5IX_frame=2,MKLTCVVIVAVLLLTACQLITADDSRGTQKHRALGSTTELSLSTRCKSPGSSCSPTSYNCCRSCNPYTKRC
HIJWH8M01AK5IX_frame=2,MKLTCVVIVAVLLLTACQLITAD, CKSPGSSCSPTSYNCCRSCNPYTKRC
HIJWH8M01BN4TS_frame=1,QEGDVQARKTRLKSDFYRALARDVGECTHCGGADCTGSCTCTNWSSCVCMNFSSSEEGECGCTC
HIJWH8M01BN4TS_frame=1,
HIJWH8M01EFWOH_frame=6,MKLTCVVIVAVLLLTACQLITADDSRGTQKHRALRSSTKLTLSTRCKSPGTPCSRGMRDCCTSCLLYSNKCR
HIJWH8M01EFWOH_frame=6,MKLTCVVIVAVLLLTACQLITAD, CKSPGTPCSRGMRDCCTSCLLYSNKC
HIJWH8M01ECIE1_frame=1,MKLTCVVIVAALLLTACQLITALDCGGTQKHRALRSTIKLSLLRQHRGWCGDPGATCGKLRLYCCSGFCDCYTKTC
HIJWH8M01ECIE1_frame=1,MKLTCVVIVAALLLTACQLITA, CGDPGATCGKLRLYCCSGFCDCYTKTC
HIJWH8M01AR3OC_frame=4,ADDSRGTQKHRALRSSTKLTLSTRCKSPGTPCSRGMRDCCTSCLLYSNKCR
HIJWH8M01AR3OC_frame=4,CKSPGTPCSRGMRDCCTSCLLYSNKC
HIJWH8M01DWW80_frame=2,FTSDRASDGRNVAAKAFHRIGRTIRDECCSNPACRVNNPHVC
HIJWH8M01DWW80_frame=2,FTSDRASDGRNVAAKAFHRIGRTIRDE, IGRTIRDECCSNPACRVNNPHVCRRR
HIJWH8M01B5DWY_frame=5,MGMRMVFTVFLLVVLAATIVSFTSDRASDGRNVAAKAFHRIGRTIRDECCSNPACRVNNPHVC
HIJWH8M01B5DWY_frame=5,MGMRMVFTVFLLVVLAATIVSFTS, FTSDRASDGRNVAAKAFHRIGRTIRDECCSNPACRVNNPHVCRR, IGRTIRDECCSNPACRVNNPHVCRR
HIJWH8M01DJSON_frame=1,MKLTCVVIVAVLLLTACQLITADDSRGTQKHRALGSTTELSLSTRCKSPGSSCSPTSYNCCRSCNPYTKRCY
HIJWH8M01DJSON_frame=1,MKLTCVVIVAVLLLTACQLITAD, CKSPGSSCSPTSYNCCRSCNPYTKRCYGSSASSPFC
HIJWH8M01CG9N6_frame=6,MKLTCVVIVAVLLLTACQLITADDSRGTQKHRALGSTTELSLSTRCKSPGSSCSPTSYNCCRSCNPYTKRC
HIJWH8M01CG9N6_frame=6,MKLTCVVIVAVLLLTACQLITAD, CKSPGSSCSPTSYNCCRSCNPYTKRCSGSSASSPFC
HIJWH8M01B12RZ_frame=5,LLLTACQLITADDSRGTQKHRALRSSTKLTLSTRCKSPGTPCSRGMRDCCTSCLLYSNKCR
HIJWH8M01B12RZ_frame=5,CKSPGTPCSRGMRDCCTSCLLYSNKC
HIJWH8M01BFF7K_frame=5,ANPSPSCANDNQSSGCRREAGDAKGRKELQSEKIRHSETKTRECEMLCEQEEKHCCRIRNENIQCAPRCL
HIJWH8M01BFF7K_frame=5,ECEMLCEQEEKHCCRIRNENIQCAPRCL
HIJWH8M01EFPMH_frame=6,MSGLRIMVLTLLLLVLMTTSHQDAGEKQAMQRDAKNFSRRRLGIRKPKTRECEMLCEQEEKHCCRIRNENIQCAPRCL
HIJWH8M01EFPMH_frame=6,MSGLRIMVLTLLLLVLMTTSHQDA, TSHQDAGEKQAMQRDAKNFSRRR
HIJWH8M01DXDP2_frame=4,DDGGALTERRSADATALKAEPVLLQKSAARSTDDNGKDRLTQMKRILKQRGNKARGEEELQENQELIREKV
HIJWH8M01DXDP2_frame=4,
HIJWH8M01D190T_frame=2,MKLTCVVIVAALLLTACQLITALDCGGTQKHRALRSTIKLSLLRQHRGWCGDPGATCGKLRLYCCSGFCDCYTKTC
HIJWH8M01D190T_frame=2,MKLTCVVIVAALLLTACQLITA, CGDPGATCGKLRLYCCSGFCDCYTKTC
HIJWH8M01CAKIF_frame=1,MKLTCVVIVAVLLLTACQLITADDSRGTQKHRALRSSTKLTLSTRCKSPGTPCSRGMRDCCTSCLLYSNKCR
HIJWH8M01CAKIF_frame=1,MKLTCVVIVAVLLLTACQLITAD, CKSPGTPCSRGMRDCCTSCLLYSNKC
HIJWH8M01C9JD1_frame=5,MGMRMMFTVFLLVVLAATIVSFTSDRASDGRNVAAKAFHRIGRTIRDECCSNPACRVNNPHVC
HIJWH8M01C9JD1_frame=5,MGMRMMFTVFLLVVLAATIVSFTS, FTSDRASDGRNVAAKAFHRIGRTIRDE, IGRTIRDECCSNPACRVNNPHVCRRR
HIJWH8M01DVPY3_frame=2,MSGLRIMVLTLLLLVLMTTSHQDAGEKQAMQRDAKNFSRRRLGIRKPKTRECEMLCEQEEKHCCRIRNENIQCAPRCL
HIJWH8M01DVPY3_frame=2,MSGLRIMVLTLLLLVLMTTSHQDA, TSHQDAGEKQAMQRDAKNFSRRR
HIJWH8M01EI8MD_frame=4,MKLTCVVIVAVLLLTACQLITADDSRGTQKHRALRSSTKLTLSTRCVPSGGSCSRTAYSCCHGSCSGGRC
HIJWH8M01EI8MD_frame=4,MKLTCVVIVAVLLLTACQLITAD, CVPSGGSCSRTAYSCCHGSCSGGRC
HIJWH8M01EV5D9_frame=5,ANPSPSCANDNQSSGCRREAGDAKGRKELQSEKIRHSEPKTRECEMLCEQEEKHCCRIRNENIQCAPRCL
HIJWH8M01EV5D9_frame=5,ECEMLCEQEEKHCCRIRNENIQCAPRCL
HIJWH8M01AOPPK_frame=5,MKLTCVVIVAVLLLTACQLITADDSRGTQKHRALGSTTELSLSTRCKSPGSSCSPTSYNCCRSCNPYTKRCY
HIJWH8M01AOPPK_frame=5,MKLTCVVIVAVLLLTACQLITAD, CKSPGSSCSPTSYNCCRSCNPYTKRCYGSSASSPFC
HIJWH8M01DQSC2_frame=4,MKLTCVVIVAVLLLTACQLITADDSRGTQKHRALRSSTKLTLSTRCKSPGTPCSRGMRDCCTSCLLYSNKCR
HIJWH8M01DQSC2_frame=4,MKLTCVVIVAVLLLTACQLITAD, CKSPGTPCSRGMRDCCTSCLLYSNKC
HIJWH8M01BIQ4Q_frame=6,MKLTCVVIVAVLLLTACQLITADDSRGTQKHRALRSSTKLTLSTRCVPSGGSCSRTAYSCCHGSCSGGRC
HIJWH8M01BIQ4Q_frame=6,MKLTCVVIVAVLLLTACQLITAD, CVPSGGSCSRTAYSCCHGSCSGGRC
HIJWH8M01B6YJG_frame=4,MHLYTYLYLLVPLVTFHLILGTGTLDDGGALTERRSADATALKAEPVLLQKSAARSTDDNGKDRLTQMKRILKQRGNKARGEEELQENQELIREKV
HIJWH8M01B6YJG_frame=4,MHLYTYLYLLVPLVTFHLILGTGTLDDGGALT, TGTLDDGGALTERRSADATALKAEPVLLQKSAARSTDDNGKDRLTQMKRILKQRGNKAR, GEEELQENQELIREKVMEKDNQAGC
HIJWH8M01BZO8D_frame=4,GKDRLTQMKRILKQRGNKARGEEELQENQELIREKV
HIJWH8M01BZO8D_frame=4,ISPCLRNDVSSPCPLCLPDCSLEPPSRHLYHRLHPDWRCTCTRICICWCPWPS
HIJWH8M01AN73L_frame=6,MKLTCVVIVAVLLLTACQLITADDSRGTQKHRALGSTTELSLSTRCKSPGSSCSPTSYNCCRSCNPYTKRCY
HIJWH8M01AN73L_frame=6,MKLTCVVIVAVLLLTACQLITAD, CKSPGSSCSPTSYNCCRSCNPYTKRCYGSSASSPFC
HIJWH8M01AO6PA_frame=3,MKLTCVVIVAALLLTACQLITALDCGGTQKHRALRSTIKLSLLRQHRGWCGDPGATCGKLRLYCCSGFCDCYTKTC
HIJWH8M01AO6PA_frame=3,MKLTCVVIVAALLLTACQLITA, CGDPGATCGKLRLYCCSGFCDCYTKTC
HIJWH8M01EPLFC_frame=6,MKLTCVVIVAVLLLTACQLITADDSRGTQKHRALRSSTKLTLSTRCKSPGTPCSRGMRDCCTSCLLYSNKCR
HIJWH8M01EPLFC_frame=6,MKLTCVVIVAVLLLTACQLITAD, CKSPGTPCSRGMRDCCTSCLLYSNKC
HIJWH8M01A3DWR_frame=4,MKLTCVVIVAVLLLTACQLITADDSRGTQKHRALRSSTKLTLSTRCKSPGTPCSRGMRDCCTSCLLYSNKCR
HIJWH8M01A3DWR_frame=4,MKLTCVVIVAVLLLTACQLITAD, CKSPGTPCSRGMRDCCTSCLLYSNKC
HIJWH8M01DPEJK_frame=4,MKLTCVVIVAVLLLTACQLITADDSRGTQKHRALRSSTKLTLSTRCVPSGGSCSRTAYSCCHGSCSGGRC
HIJWH8M01DPEJK_frame=4,MKLTCVVIVAVLLLTACQLITAD, CVPSGGSCSRTAYSCCHGSCSGGRC
HIJWH8M01D17P5_frame=4,MKLTCVVIVAVLLLTACQLITADDSRGTQKHRALRSSTKLTLSTRCVPSGGSCSRTAYSCCHGSCSGGRC
HIJWH8M01D17P5_frame=4,MKLTCVVIVAVLLLTACQLITAD, CVPSGGSCSRTAYSCCHGSCSGGRC
HIJWH8M01EU7N1_frame=3,MKLTCVVIVAVLLLTACQLITADDSRGTQKHRALRSSTKLTLSTRCVPSGGSCSRTAYSCCHGSCSGGRC
HIJWH8M01EU7N1_frame=3,MKLTCVVIVAVLLLTACQLITAD, CVPSGGSCSRTAYSCCHGSCSGGRC
HIJWH8M01A0AML_frame=6,MKLTCVVIVAVLLLTACQLITADDSRGTQKHRALRSSTKLTLSTRCKSPGTPCSRGMRDCCTSCLLYSNKCR
HIJWH8M01A0AML_frame=6,MKLTCVVIVAVLLLTACQLITAD, CKSPGTPCSRGMRDCCTSCLLYSNKC
HIJWH8M01B4UQJ_frame=3,MKLTCVVIVAVLLLTACQLITADDSRGTQKHRALRSSTKLTLSTRCKSPGTPCSRGMRDCCTSCLLYSNKCR
HIJWH8M01B4UQJ_frame=3,MKLTCVVIVAVLLLTACQLITAD, CKSPGTPCSRGMRDCCTSCLLYSNKC
HIJWH8M01C1VCD_frame=3,MKLTCVVIVAVLLLTACQLITADDSRGTQKHRALRSSTKLTLSTRCKSPGTPCSRGMRDCCTSCLLYSNKCR
HIJWH8M01C1VCD_frame=3,MKLTCVVIVAVLLLTACQLITAD, CKSPGTPCSRGMRDCCTSCLLYSNKC
HIJWH8M01CB7RH_frame=3,MKLTCVVIVAVLLLTACQLITADDSRGTQKHRALGSTTELSLSTRCKSPGSSCSPTSYNCCRSCNPYTKRCY
HIJWH8M01CB7RH_frame=3,MKLTCVVIVAVLLLTACQLITAD, CKSPGSSCSPTSYNCCRSCNPYTKRCYGSSASSPFCALSLSVVLLTEWSTTHHLLLW
HIJWH8M01A5YZ8_frame=6,MGMRMVFTVFLLVVLAATIVSFTSDRASDGRNVAAKAFHRIGRTIRDECCSNPACRVNNPHVC
HIJWH8M01A5YZ8_frame=6,MGMRMVFTVFLLVVLAATIVSFTS, FTSDRASDGRNVAAKAFHRIGRTIRDE, IGRTIRDECCSNPACRVNNPHVC
HIJWH8M01BP4EU_frame=5,MKLTCVVIVAVLLLTACQLITADDSRGTQKHRALGSTTELSLSTRCKSPGSSCSPTSYNCCRSCNPYTKRCY
HIJWH8M01BP4EU_frame=5,MKLTCVVIVAVLLLTACQLITAD, CKSPGSSCSPTSYNCCRSCNPYTKRCYGSSASSPFC
HIJWH8M01EF51P_frame=1,MKLTCVVIVAALLLTACQLITALDCGGTQKHRALRSTIKLSLLRQHRGWCGDPGATCGKLRLYCCSGFCDCYTKTC
HIJWH8M01EF51P_frame=1,MKLTCVVIVAALLLTACQLITA, CGDPGATCGKLRLYCCSGFCDCYTKTC
HIJWH8M01AU76L_frame=6,MKLTCVVIVAVLLLTACQLITADDSRGTQKHRALRSSTKLTLSTRCKSPGTPCSRGMRDCCTSCLLYSNKCR
HIJWH8M01AU76L_frame=6,MKLTCVVIVAVLLLTACQLITAD, CKSPGTPCSRGMRDCCTSCLLYSNKC
HIJWH8M01BEP9F_frame=6,MKLTCVVIVAVLLLTACQLITADDSRGTQKHRALGSTTELSLSTRCKSPGSSCSPTSYNCCRSCNPYTKRCY
HIJWH8M01BEP9F_frame=6,MKLTCVVIVAVLLLTACQLITAD, CKSPGSSCSPTSYNCCRSCNPYTKRCYGSSASSPFC
HIJWH8M01EBQIY_frame=5,MKLTCVVIVAVLLLTACQLITADDSRGTQKHRALGSTTELSLSTRCKSPGSSCSPTSYNCCRSCNPYTKRCY
HIJWH8M01EBQIY_frame=5,MKLTCVVIVAVLLLTACQLITAD, CKSPGSSCSPTSYNCCRSCNPYTKRCYGSSASSPFC
HIJWH8M01BFNIY_frame=4,MKLTCVVIVAVLLLTACQLITADDSRGTQKHRALGSTTELSLSTRCKSPGSSCSPTSYNCCRSCNPYTKRCY
HIJWH8M01BFNIY_frame=4,MKLTCVVIVAVLLLTACQLITAD, CKSPGSSCSPTSYNCCRSCNPYTKRCYGSSASSPFC
HIJWH8M01DT9AF_frame=1,DDSRGTQKHRALGSTTELSLSTRCKSPGSSCSPTSYNCCRSCNPYTKRCY
HIJWH8M01DT9AF_frame=1,CKSPGSSCSPTSYNCCRSCNPYTKRCYGSSASSPFC
HIJWH8M01DHHGS_frame=2,MKLTCVVIVAVLLLTACQLITADDSRGTQKHRALRSSTKLTLSTRCKSPGTPCSRGMRDCCTSCLLYSNKCR
HIJWH8M01DHHGS_frame=2,MKLTCVVIVAVLLLTACQLITAD, CKSPGTPCSRGMRDCCTSCLLYSNKC
HIJWH8M01COO7Y_frame=5,GALTERRSADATALKAEPVLLQKSAARSTDDNGKDRLTQMKRILKQRGNKARGEEELQENQELIREKV
HIJWH8M01COO7Y_frame=5,ILTLNFEEWCVCMCKLYHTIMRIGRNFADPCTESRRQIVITKFDLNQR
HIJWH8M01BKAXH_frame=5,MKLTCVVIVAVLLLTACQLITADDSRGTQKHRALRSSTKLTLSTRCKSPGTPCSRGMRDCCTSCLLYSNKCR
HIJWH8M01BKAXH_frame=5,MKLTCVVIVAVLLLTACQLITAD, CKSPGTPCSRGMRDCCTSCLLYSNKC
HIJWH8M01DNWTQ_frame=1,MGMRMMFTVFLLVVLAATIVSFTSDRASDGRNVAAKAFHRIGRTIRDECCSNPACRVNNPHVC
HIJWH8M01DNWTQ_frame=1,MGMRMMFTVFLLVVLAATIVSFTS, FTSDRASDGRNVAAKAFHRIGRTIRDE, IGRTIRDECCSNPACRVNNPHVCRRR
HIJWH8M01BQIIX_frame=4,MKLTCVVIVAVLLLTACQLITADDSRGTQKHRALRSSTKLTLSTRCKSPGTPCSRGMRDCCTSCLLYSNKCR
HIJWH8M01BQIIX_frame=4,MKLTCVVIVAVLLLTACQLITAD, CKSPGTPCSRGMRDCCTSCLLYSNKC
HIJWH8M01AP4F4_frame=3,MKLTCVVIVAVLLLTACQLITADDSRGTQKHRALGSTTELSLSTRCKSPGSSCSPTSYNCCRSCNPYTKRC
HIJWH8M01AP4F4_frame=3,MKLTCVVIVAVLLLTACQLITAD, CKSPGSSCSPTSYNCCRSCNPYTKRCSGSSASSPFC
HIJWH8M01AQ9HL_frame=5,MSGLRIMVLTLLLLVLMTTSHQDAGEKQAMQRDAKNFSRRRLGIRKPKTRECEMLCEQEEKHCCRIRNENIQCAPRCL
HIJWH8M01AQ9HL_frame=5,MSGLRIMVLTLLLLVLMTTSHQDA, TSHQDAGEKQAMQRDAKNFSRRR
HIJWH8M01C21H6_frame=4,MKLTCVVIVAVLLLTACQLITADDSRGTQKHRALGSTTELSLSTRCKSPGSSCSPTSYNCCRSCNPYTKRC
HIJWH8M01C21H6_frame=4,MKLTCVVIVAVLLLTACQLITAD, CKSPGSSCSPTSYNCCRSCNPYTKRCSGSSASSPFC
HIJWH8M01CH0WE_frame=6,MKLTCVVIVAVLLLTACQLITADDSRGTQKHRALRSSTKLTLSTRCKSPGTPCSRGMRDCCTSCLLYSNKCR
HIJWH8M01CH0WE_frame=6,MKLTCVVIVAVLLLTACQLITAD, CKSPGTPCSRGMRDCCTSCLLYSNKC
HIJWH8M01BDIEZ_frame=3,ANPSPSCANDNQSSGCRREAGDAKGRKELQSEKIRHSETKTRECEMLCEQEEKHCCRIRNENIQCAPRCL
HIJWH8M01BDIEZ_frame=3,ECEMLCEQEEKHCCRIRNENIQCAPRCL
HIJWH8M01D5ICT_frame=2,MKLTCVVIVAALLLTACQLITALDCGGTQKHRALRSTIKLSLLRQHRGWCGDPGATCGKLRLYCCSGFCDCYTKTC
HIJWH8M01D5ICT_frame=2,MKLTCVVIVAALLLTACQLITA, CGDPGATCGKLRLYCCSGFCDCYTKTC
HIJWH8M01BOJ94_frame=3,MKLTCVVIVAVLLLTACQLITADDSRGTQKHRALGSTTELSLSTRCKSPGSSCSPTSYNCCRSCNPYTKRCY
HIJWH8M01BOJ94_frame=3,MKLTCVVIVAVLLLTACQLITAD, CKSPGSSCSPTSYNCCRSCNPYTKRC
HIJWH8M01DQFG0_frame=4,MKLTCVVIVAVLLLTACQLITADDSRGTQKHRALRSSTKLTLSTRCKSPGTPCSRGMRDCCTSCLLYSNKCR
HIJWH8M01DQFG0_frame=4,MKLTCVVIVAVLLLTACQLITAD, CKSPGTPCSRGMRDCCTSCLLYSNKC
HIJWH8M01ER4TT_frame=4,GGALTERRSADATALKAEPVLLQKSAARSTDDNGKDRLTQMKRILKQRGNKARGEEELQENQELIREKV
HIJWH8M01ER4TT_frame=4,ILTLNFEEWCVCMCKLYHTIMRIGRNFADPCTESRRQIVITKFDLNQR
HIJWH8M01B08V2_frame=5,MKLTCVVIVAVLLLTACQLITADDSRGTQKHRALGSTTELSLSTRCKSPGSSCSPTSYNCCRSCNPYTKRC
HIJWH8M01B08V2_frame=5,MKLTCVVIVAVLLLTACQLITAD, CKSPGSSCSPTSYNCCRSCNPYTKRCSGSSASSPFC
HIJWH8M01CU5XY_frame=1,MKLTCVVIVAVLLLTACQLITADDSRGTQKHRALRSSTKLTLSTRCKSPGTPCSRGMRDCCTSCLLYSNKCR
HIJWH8M01CU5XY_frame=1,MKLTCVVIVAVLLLTACQLITAD, CKSPGTPCSRGMRDCCTSCLLYSNKC
HIJWH8M01C4N6O_frame=6,MKLTCVVIVAVLLLTACQLITADDSRGTQKHRALRSSTKLTLSTRCKSPGTPCSRGMRDCCTSCLLYSNKCR
HIJWH8M01C4N6O_frame=6,MKLTCVVIVAVLLLTACQLITAD, CKSPGTPCSRGMRDCCTSCLLYSNKC
HIJWH8M01CEPA0_frame=1,MSGLRIMVLTLLLLVLMTTSHQDAGEKQAMQRDAKNFSRRRLGIRKPKTRECEMLCEQEEKHCCRIRNENIQCAPRCL
HIJWH8M01CEPA0_frame=1,MSGLRIMVLTLLLLVLMTTSHQDA, TSHQDAGEKQAMQRDAKNFSRRR
HIJWH8M01DPMH7_frame=4,MKLTCVVIVAVLLLTACQLITADDSRGTQKHRALRSSTKLTLSTRCKSPGTPCSRGMRDCCTSCLLYSNKCR
HIJWH8M01DPMH7_frame=4,MKLTCVVIVAVLLLTACQLITAD, CKSPGTPCSRGMRDCCTSCLLYSNKC
HIJWH8M01EFVI7_frame=3,MKLTCVVIVAALLLTACQLITALDCGGTQKHRALRSTIKLSLLRQHRGWCGDPGATCGKLRLYCCSGFCDCYTKTC
HIJWH8M01EFVI7_frame=3,MKLTCVVIVAALLLTACQLITA, CGDPGATCGKLRLYCCSGFCDCYTKTC
HIJWH8M01ENDRR_frame=3,MGMRMVFTVFLLVVLAATIVSFTSDRASDGRNVAAKAFHRIGRTIRDECCSNPACRVNNPHVC
HIJWH8M01ENDRR_frame=3,MGMRMVFTVFLLVVLAATIVSFTS, FTSDRASDGRNVAAKAFHRIGRTIRDE, IGRTIRDECCSNPACRVNNPHVC
HIJWH8M01D1WPO_frame=6,MKLTCVVIVAVLLLTACQLITADDSRGTQKHRALRSSTKLTLSTRCKSPGTPCSRGMRDCCTSCLLYSNKCR
HIJWH8M01D1WPO_frame=6,MKLTCVVIVAVLLLTACQLITAD, CKSPGTPCSRGMRDCCTSCLLYSNKC
HIJWH8M01AL6LI_frame=5,LTERRSADATALKAEPVLLQKSAARSTDDNGKDRLTQMKRILKQRGNKARGEEELQENQELIREKV
HIJWH8M01AL6LI_frame=5,ILTLNFEEWCVCMCKLYHTIMRIGRNFADPCTESRRQIVITKFDLNQR
HIJWH8M01CF273_frame=6,MGMRMMFTVFLLVVLAATIVSFTSDRASDGRNVAAKAFHRIGRTIRDECCSNPACRVNNPHVC
HIJWH8M01CF273_frame=6,MGMRMMFTVFLLVVLAATIVSFTS, FTSDRASDGRNVAAKAFHRIGRTIRDE, IGRTIRDECCSNPACRVNNPHVCRRR
HIJWH8M01AQQ3J_frame=5,MKLTCVVIVAVLLLTACQLITADDSRGTQKHRALRSSTKLTLSTRCVPSGGSCSRTAYSCCHGSCSGGRC
HIJWH8M01AQQ3J_frame=5,MKLTCVVIVAVLLLTACQLITAD, CVPSGGSCSRTAYSCCHGSCSGGRC
HIJWH8M01A03S1_frame=4,FTSDRASDRRNAAVKAFDLISSTVKKGCCSHPACSGNNPEYC
HIJWH8M01A03S1_frame=4,
HIJWH8M01B45K4_frame=4,GEEELQENQELIREKV
HIJWH8M01B45K4_frame=4,GEEELQENQELIRE
HIJWH8M01DIAXU_frame=4,MGMRMMFTVFLLVVLAATIVSFTSDRASDGRNVAAKAFHRIGRTIRDECCSNPACRVNNPHVC
HIJWH8M01DIAXU_frame=4,MGMRMMFTVFLLVVLAATIVSFTS, FTSDRASDGRNVAAKAFHRIGRTIRDE, IGRTIRDECCSNPACRVNNPHVCRRR
HIJWH8M01D361D_frame=2,MSGLRIMVLTLLLLVLMTTSHQDAGEKQAMQRDAKNFSRRRLGIRKPKTRECEMLCEQEEKHCCRIRNENIQCAPRCL
HIJWH8M01D361D_frame=2,MSGLRIMVLTLLLLVLMTTSHQDA, TSHQDAGEKQAMQRDAKNFSRRR
HIJWH8M01EANU7_frame=5,GALTERRSADATALKAEPVLLQKSAARSTDDNGKDRLTQMKRILKQRGNKARGEEELQENQELIREKSNGK
HIJWH8M01EANU7_frame=5,SCLFSRNCKIFRRNGVCVCANCIIHKCEFKEEILQIHAQKVVKDKLYEPNLII
HIJWH8M01A92W1_frame=6,GGALTERRSADATALKAEPVLLQKSAARSTDDNGKDRLTQMKRILKQRGNKARGEEELQENQELIRR
HIJWH8M01A92W1_frame=6,LFSFNSPNCSCLFSRNEFNCKFFRRNGVCVCANCIIHKCEFKEEILQIHAQKVVKDKLYEPNLI
HIJWH8M01C2RMS_frame=3,MGMRMMFTVFLLVVLAATIVSFTSDRASDGRNVAAKAFHRIGRTIRDECCSNPACRVNNPHVCRRR*CSRTL*TTTCRPLPDLLPCPSLSATRTEQLDPLDSHVTSVF*NCLV*LSIISSHTCCY
HIJWH8M01C2RMS_frame=3,MGMRMMFTVFLLVVLAATIVSFTS, FTSDRASDGRNVAAKAFHRIGRTIRDE, IGRTIRDECCSNPACRVNNPHVCRRR
HIJWH8M01AKY77_frame=2,MKLTCVVIVAVLLLTACQLITADDSRGTQKHRALRSSTKLTLSTRCVPSGGSCSRTAYSCCHGSCSGGRC
HIJWH8M01AKY77_frame=2,MKLTCVVIVAVLLLTACQLITAD, CVPSGGSCSRTAYSCCHGSCSGGRC
HIJWH8M01ECX1E_frame=5,MSGLRIMVLTLLLLVLMTTSHQDAGEKQAMQRDAKNFSRRRLGIRKPKTRECEMLCEQEEKHCCRIRNENIQCAPRCL
HIJWH8M01ECX1E_frame=5,MSGLRIMVLTLLLLVLMTTSHQDA, TSHQDAGEKQAMQRDAKNFSRRR
HIJWH8M01CWKBN_frame=3,MKLTCVVIVAALLLTACQLITALDCGGTQKHRALRSTIKLSLLRQHRGWCGDPGATCGKLRLYCCSGFCDCYTKTC
HIJWH8M01CWKBN_frame=3,MKLTCVVIVAALLLTACQLITA, CGDPGATCGKLRLYCCSGFCDCYTKTC
HIJWH8M01BEA3B_frame=2,MKLTCVVIVAVLLLTACQLITADDSRGTQKHRALRSSTKLTLSTRCKSPGTPCSRGMRDCCTSCLLYSNKCR
HIJWH8M01BEA3B_frame=2,MKLTCVVIVAVLLLTACQLITAD, CKSPGTPCSRGMRDCCTSCLLYSNKC
HIJWH8M01CBGYL_frame=1,MSGLRIMVLTLLLLVLMTTSHQDAGEKQAMQRDAKNFSRRRLGIRKPKTRECEMLCEQEEKHCCRIRNENIQCAPRCL
HIJWH8M01CBGYL_frame=1,MSGLRIMVLTLLLLVLMTTSHQDA, TSHQDAGEKQAMQRDAKNFSRRR
HIJWH8M01AT9OR_frame=1,MGMRMVFTVFLLVVLAATIVSFTSDRASDGRNVAAKAFHRIGRTIRDECCSNPACRVNNPHVC
HIJWH8M01AT9OR_frame=1,MGMRMVFTVFLLVVLAATIVSFTS, FTSDRASDGRNVAAKAFHRIGRTIRDE, IGRTIRDECCSNPACRVNNPHVC
HIJWH8M01C8TKR_frame=3,MKLTCVVIVAVLLLTACQLITADDSRGTQKHRALRSSTKLTLSTRCKSPGTPCSRGMRDCCTSCLLYSNKCR
HIJWH8M01C8TKR_frame=3,MKLTCVVIVAVLLLTACQLITAD, CKSPGTPCSRGMRDCCTSCLLYSNKC
HIJWH8M01CXQGI_frame=3,MGMRMVFTVFLLVVLAATIVSFTSDRASDGRNVAAKAFHRIGRTIRDECCSNPACRVNNPHVC
HIJWH8M01CXQGI_frame=3,MGMRMVFTVFLLVVLAATIVSFTS, FTSDRASDGRNVAAKAFHRIGRTIRDE, IGRTIRDECCSNPACRVNNPHVC
HIJWH8M01C6030_frame=6,FTSDRASDGRNVAAKAFHRIGRTIRDECCSNPACRVNNPHVC
HIJWH8M01C6030_frame=6,FTSDRASDGRNVAAKAFHRIGRTIRDE, IGRTIRDECCSNPACRVNNPHVCRRR
HIJWH8M01DZ4JF_frame=6,MKLTCVVIVAVLLLTACQLITADDSRGTQKHRALRSSTKLTLSTRCVPSGGSCSRTAYSCCHGSCSGGRC
HIJWH8M01DZ4JF_frame=6,MKLTCVVIVAVLLLTACQLITAD, CVPSGGSCSRTAYSCCHGSCSGGRC
HIJWH8M01DWDVB_frame=4,MKLTCVVIVAVLLLTACQLITADDSRGTQKHRALRSSTKLTLSTRCVPSGGSCSRTAYSCCHGSCSGGRC
HIJWH8M01DWDVB_frame=4,MKLTCVVIVAVLLLTACQLITAD, CVPSGGSCSRTAYSCCHGSCSGGRC
HIJWH8M01EHPFX_frame=2,MKLTCVVIVAVLLLTACQLITADDSRGTQKHRALRSSTKLTLSTRCKSPGTPCSRGMRDCCTSCLLYSNKCR
HIJWH8M01EHPFX_frame=2,MKLTCVVIVAVLLLTACQLITAD, CKSPGTPCSRGMRDCCTSCLLYSNKC
HIJWH8M01EJUS1_frame=6,MKLTCVVIVAVLLLTACQLITADDSRGTQKHRALRSSTKLTLSTRCKSPGTPCSRGMRDCCTSCLLYSNKCR
HIJWH8M01EJUS1_frame=6,MKLTCVVIVAVLLLTACQLITAD, CKSPGTPCSRGMRDCCTSCLLYSNKC
HIJWH8M02JRC0K_frame=5,MKLTCVVIVAVLLLTACQLITADDSRGTQKHRALGSTTELSLSTRCKSPGSSCSPTSYNCCRSCNPYTKRCY
HIJWH8M02JRC0K_frame=5,MKLTCVVIVAVLLLTACQLITAD, CKSPGSSCSPTSYNCCRSCNPYTKRC
HIJWH8M02GPSAU_frame=2,MKLTCVVIVAVLLLTACQLITADDSRGTQKHRALGSTTELSLSTRCKSPGSSCSPTSYNCCRSCNPYTKRCY
HIJWH8M02GPSAU_frame=2,MKLTCVVIVAVLLLTACQLITAD, CKSPGSSCSPTSYNCCRSCNPYTKRC
HIJWH8M02ILFEQ_frame=5,MSGLRIMVLTLLLLVLMTTSHQDAGEKQAMQRDAKNFSRRRLGIRKPKTRECEMLCEQEEKHCCRIRNENIQCAPRCL
HIJWH8M02ILFEQ_frame=5,MSGLRIMVLTLLLLVLMTTSHQDA, TSHQDAGEKQAMQRDAKNFSRRR
HIJWH8M02H4RIR_frame=1,MKLTCVVIVAVLLLTACQLITADDSRGTQKHRALGSTTELSLSTRCKSPGSSCSPTSYNCCRSCNPYTKRCY
HIJWH8M02H4RIR_frame=1,MKLTCVVIVAVLLLTACQLITAD, CKSPGSSCSPTSYNCCRSCNPYTKRC
HIJWH8M02JHJGK_frame=6,MSGLRIMVLTLLLLVLMTTSHQDAGEKQAMQRDAKNFSRRRLGIRKPKTRECEMLCEQEEKHCCRIRNENIQCAPRCL
HIJWH8M02JHJGK_frame=6,MSGLRIMVLTLLLLVLMTTSHQDA, TSHQDAGEKQAMQRDAKNFSRRR
HIJWH8M02HLXI7_frame=1,MKLTCVVIVAVLLLTACQLITADDSRGTQKHRALRSSTKLTLSTRCKSPGTPCSRGMRDCCTSCLLYSNKCR
HIJWH8M02HLXI7_frame=1,MKLTCVVIVAVLLLTACQLITAD, CKSPGTPCSRGMRDCCTSCLLYSNKC
HIJWH8M02HY0WE_frame=3,MKLTCVVIVAVLLLTACQLITADDSRGTQKHRALGSTTELSLSTRCKSPGSSCSPTSYNCCRSCNPYTKRCY
HIJWH8M02HY0WE_frame=3,MKLTCVVIVAVLLLTACQLITAD, CKSPGSSCSPTSYNCCRSCNPYTKRC
HIJWH8M02F00F0_frame=1,VIVAVLLLTACQLITADDSRGTQKHRALRSSTKLTLSTRCKSPGTPCSRGMRDCCTSCLLYSNKCR
HIJWH8M02F00F0_frame=1,VIVAVLLLTACQLITAD, CKSPGTPCSRGMRDCCTSCLLYSNKC
HIJWH8M02F78SY_frame=4,VIVAVLLLTACQLITADDSRGTQKHRALGSTTELSLSTRCKSPGSSCSPTSYNCCRSCNPYTKRCY
HIJWH8M02F78SY_frame=4,VIVAVLLLTACQLITAD, CKSPGSSCSPTSYNCCRSCNPYTKRC
HIJWH8M02IQVE6_frame=3,MKLTCVVIVAVLLLTACQLITADDSRGTQKHRALRSSTKLTLSTRCKSPGTPCSRGMRDCCTSCLLYSNKCR
HIJWH8M02IQVE6_frame=3,MKLTCVVIVAVLLLTACQLITAD, CKSPGTPCSRGMRDCCTSCLLYSNKC
HIJWH8M02HSL51_frame=3,MKLTCVVIVAVLLLTACQLITADDSRGTQKHRALRSSTKLTLSTRCKSPGTPCSRGMRDCCTSCLLYSNKCR
HIJWH8M02HSL51_frame=3,MKLTCVVIVAVLLLTACQLITAD, CKSPGTPCSRGMRDCCTSCLLYSNKC
HIJWH8M02GZTJL_frame=1,MKLTCVVIVAALLLTACQLITALDCGGTQKHRALRSTIKLSLLRQHRGWCGDPGATCGKLRLYCCSGFCDCYTKTC
HIJWH8M02GZTJL_frame=1,MKLTCVVIVAALLLTACQLITA, CGDPGATCGKLRLYCCSGFCDCYTKTC
HIJWH8M02IM42B_frame=1,MKLTCVVIVAVLLLTACQLITADDSRGTQKHRALRSSTKLTLSTRCKSPGTPCSRGMRDCCTSCLLYSNKCR
HIJWH8M02IM42B_frame=1,MKLTCVVIVAVLLLTACQLITAD, CKSPGTPCSRGMRDCCTSCLLYSNKC
HIJWH8M02JQ9X5_frame=1,MKLTCVVIVAVLLLTACQLITADDSRGTQKHRALGSTTELSLSTRCKSPGSSCSPTSYNCCRSCNPYTKRCY
HIJWH8M02JQ9X5_frame=1,MKLTCVVIVAVLLLTACQLITAD, CKSPGSSCSPTSYNCCRSCNPYTKRC
HIJWH8M02F2XJH_frame=6,MKLTCVVIVAVLLLTACQLITADDSRGTQKHRALGSTTELSLSTRCKSPGSSCSPTSYNCCRSCNPYTKRCY
HIJWH8M02F2XJH_frame=6,MKLTCVVIVAVLLLTACQLITAD, CKSPGSSCSPTSYNCCRSCNPYTKRCYGSSASSPFC
HIJWH8M02G8AOK_frame=4,MGMRMTFTVFLLVALATTVVSFTSDRASDRRNAAVKAFDLISSTVKKGCCSHPACSGNNPEYC
HIJWH8M02G8AOK_frame=4,MGMRMTFTVFLLVALATTVVSFTS, ISSTVKKGCCSHPACSGNNPEYC
HIJWH8M02HXYY6_frame=3,MKLTCVVIVAALLLTACQLITALDCGGTQKHRALRSTIKLSLLRQHRGWCGDPGATCGKLRLYCCSGFCDCYTKTC
HIJWH8M02HXYY6_frame=3,MKLTCVVIVAALLLTACQLITA, CGDPGATCGKLRLYCCSGFCDCYTKTCKDKSSASSPSVLY
HIJWH8M02HXRCC_frame=1,MGMRMMFTVFLLVVLAATIVSFTSDRASDGRNVAAKAFHRIGRTIRDECCSNPACRVNNPHVC
HIJWH8M02HXRCC_frame=1,MGMRMMFTVFLLVVLAATIVSFTS, FTSDRASDGRNVAAKAFHRIGRTIRDE, IGRTIRDECCSNPACRVNNPHVCRRR
HIJWH8M02ICDKJ_frame=4,MKLTCVVIVAVLLLTACQLITADDSRGTQKHRALGSTTELSLSTRCKSPGSSCSPTSYNCCRSCNPYTKRC
HIJWH8M02ICDKJ_frame=4,MKLTCVVIVAVLLLTACQLITAD, CKSPGSSCSPTSYNCCRSCNPYTKRCSGYSASSPFC
HIJWH8M02FSSPP_frame=3,MKLTCVVIVAALLLTACQLITALDCGGTQKHRALRSTIKLSLLRQHRGWCGDPGATCGKLRLYCCSGFCDCYTKTC
HIJWH8M02FSSPP_frame=3,MKLTCVVIVAALLLTACQLITA, CGDPGATCGKLRLYCCSGFCDCYTKTC
HIJWH8M02GO8UR_frame=1,MKLTCVVIVAVLLLTACQLITADDSRGTQKHRALGSTTELSLSTRCKSPGSSCSPTSYNCCRSCNPYTKRCY
HIJWH8M02GO8UR_frame=1,MKLTCVVIVAVLLLTACQLITAD, CKSPGSSCSPTSYNCCRSCNPYTKRC
HIJWH8M02JOUXA_frame=6,MKLTCVVIVAVLLLTACQLITADDSRGTQKHRALRSSTKLTLSTRCKSPGTPCSRGMRDCCTSCLLYSNKCR
HIJWH8M02JOUXA_frame=6,MKLTCVVIVAVLLLTACQLITAD, CKSPGTPCSRGMRDCCTSCLLYSNKC
HIJWH8M02H3XLP_frame=3,MKLTCVVIVAALLLTACQLITALDCGGTQKHRALRSTIKLSLLRQHRGWCGDPGATCGKLRLYCCSGFCDCYTKTC
HIJWH8M02H3XLP_frame=3,MKLTCVVIVAALLLTACQLITA, CGDPGATCGKLRLYCCSGFCDCYTKTC
HIJWH8M02IYYU6_frame=3,MKLTCVVIVAVLLLTACQLITADDSRGTQKHRALRSSTKLTLSTRCKSPGTPCSRGMRDCCTSCLLYSNKCR
HIJWH8M02IYYU6_frame=3,MKLTCVVIVAVLLLTACQLITAD, CKSPGTPCSRGMRDCCTSCLLYSNKC
HIJWH8M02IA9F7_frame=5,MKLTCVVIVAVLLLTACQLITADDSRGTQKHRALRSSTKLTLSTRCVPSGGSCSRTAYSCCHGSCSGGRC
HIJWH8M02IA9F7_frame=5,MKLTCVVIVAVLLLTACQLITAD, CVPSGGSCSRTAYSCCHGSCSGGRC
HIJWH8M02HSIUX_frame=3,MKLTCVVIVAVLLLTACQLITADDSRGTQKHRALRSSTKLTLSTRCVPSGGSCSRTAYSCCHGSCSGGRC
HIJWH8M02HSIUX_frame=3,MKLTCVVIVAVLLLTACQLITAD, CVPSGGSCSRTAYSCCHGSCSGGRC
HIJWH8M02F3Y1A_frame=3,MKLTCVVIVAVLLLTACQLITADDSRGTQKHRALGSTTELSLSTRCKSPGSSCSPTSYNCCRSCNPYTKRCY
HIJWH8M02F3Y1A_frame=3,MKLTCVVIVAVLLLTACQLITAD, CKSPGSSCSPTSYNCCRSCNPYTKRCYGSSASSPFC
HIJWH8M02IHRP5_frame=5,MKLTCVVIVAVLLLTACQLITADDSRGTQKHRALRSSTKLTLSTRCKSPGTPCSRGMRDCCTSCLLYSNKCR
HIJWH8M02IHRP5_frame=5,MKLTCVVIVAVLLLTACQLITAD, CKSPGTPCSRGMRDCCTSCLLYSNKC
HIJWH8M02JDUCK_frame=6,MKLTCVVIVAVLLLTACQLITADDSRGTQKHRALRSSTKLTLSTRCKSPGTPCSRGMRDCCTSCLLYSNKCR
HIJWH8M02JDUCK_frame=6,MKLTCVVIVAVLLLTACQLITAD, CKSPGTPCSRGMRDCCTSCLLYSNKC
HIJWH8M02IN5V7_frame=6,MKLTCVVIVAVLLLTARQLITADDSRGTQKHRALRSSTKLTLSTRCKSPGTPCSRGMRDCCTSCLLYSNKCR
HIJWH8M02IN5V7_frame=6,MKLTCVVIVAVLLLTARQLITAD, CKSPGTPCSRGMRDCCTSCLLYSNKC
HIJWH8M02H5R0L_frame=2,MKLTCVVIVAVLLLTACQLITADDSRGTQKHRALGSTTELSLSTRCKSPGSSCSPTSYNCCRSCNPYTKRCY
HIJWH8M02H5R0L_frame=2,MKLTCVVIVAVLLLTACQLITAD, CKSPGSSCSPTSYNCCRSCNPYTKRCYGSSASSPFC
HIJWH8M02F7G29_frame=6,MKLTCVVIVAVLLLTACQLITADDSRGTQKHRALRSSTKLTLSTRCKSPGTPCSRGMRDCCTSCLLYSNKCR
HIJWH8M02F7G29_frame=6,MKLTCVVIVAVLLLTACQLITAD, CKSPGTPCSRGMRDCCTSCLLYSNKC
HIJWH8M02IJVN3_frame=5,MKLTCVVIVAVLLLTACQLITADDSRGTQKHRALRSSTKLTLSTRCKSPGTPCSRGMRDCCTSCLLYSNKCR
HIJWH8M02IJVN3_frame=5,KMKLTCVVIVAVLLLTACQLITAD, CKSPGTPCSRGMRDCCTSCLLYSNKC
HIJWH8M02JXPBK_frame=5,MEKLTILLLVAAVLMSTQATIQGGGENRPMENIKYLSKSQRSAERGVWSECSDWLAGCSSPSECCSEKCDTFCRLW
HIJWH8M02JXPBK_frame=5,MEKLTILLLVAAVLMSTQATIQ, SAERGVWSECSDWLAGCSSPSECCSEKCDTFCRLWR
HIJWH8M02G4W64_frame=3,FTSDRASDGRNVAAKAFHRIGRTIRDECCSNPACRVNNPHVC
HIJWH8M02G4W64_frame=3,FTSDRASDGRNVAAKAFHRIGRTIRDE, IGRTIRDECCSNPACRVNNPHVCRRR
HIJWH8M02I80AZ_frame=2,MGMRMMFTVFLLVVLAATIVSFTSDRASDGRNVAAKAFHRIGRTIRDECCSNPACRVNNPHVC
HIJWH8M02I80AZ_frame=2,MGMRMMFTVFLLVVLAATIVSFTS, FTSDRASDGRNVAAKAFHRIGRTIRDE, IGRTIRDECCSNPACRVNNPHVCRRR
HIJWH8M02F78GK_frame=5,MKLTCVVIVAVLLLTACQLITADDSRGTQKHRALGSTTELSLSTRCKSPGSSCSPTSYNCCRSCNPYTKRCY
HIJWH8M02F78GK_frame=5,MKLTCVVIVAVLLLTACQLITAD, CKSPGSSCSPTSYNCCRSCNPYTKRCYGSSASSPFC
HIJWH8M02JY9KT_frame=4,MGMRMMFTVFLLVVLAATIVSFTSDRASDGRNVAAKASHRIGRTIRDECCSNPACRVNNPHVC
HIJWH8M02JY9KT_frame=4,MGMRMMFTVFLLVVLAATIVSFTS, FTSDRASDGRNVAAKASHRIGRTIRDE, IGRTIRDECCSNPACRVNNPHVCRRR
HIJWH8M02II9DU_frame=2,LTQMKRILKQRGNKARGEEELQENQELIREKV
HIJWH8M02II9DU_frame=2,ILTLNFEEWCVCMCKLYHTIMRIGRNFADPCTESRRQIVITKFDLNQK
HIJWH8M02GR6B0_frame=2,MKLTCVVIVAALLLTACQLITALDCGGTQKHRALRSTIKLSLLRQHRGWCGDPGATCGKLRLYCCSGFCDCYTKTC
HIJWH8M02GR6B0_frame=2,MKLTCVVIVAALLLTACQLITA, CGDPGATCGKLRLYCCSGFCDCYTKTC
HIJWH8M02HQ4OJ_frame=5,MKLTCVVIVAVLLLTACQLITADDSRGTQKHRALRSSTKLTLSTRCKSPGTPCSRGMRDCCTSCLLYSNKCR
HIJWH8M02HQ4OJ_frame=5,MKLTCVVIVAVLLLTACQLITAD, CKSPGTPCSRGMRDCCTSCLLYSNKC
HIJWH8M02HWV1Q_frame=2,MGMRMVFTVFLLVVLAATIVSFTSDRASDGRNVAAKAFHRIGRTIRDECCSNPACRVNNPHVC
HIJWH8M02HWV1Q_frame=2,MGMRMVFTVFLLVVLAATIVSFTS, FTSDRASDGRNVAAKAFHRIGRTIRDE, IGRTIRDECCSNPACRVNNPHVC
HIJWH8M02H51ET_frame=5,MGMRMMFTVFLLVALATTVVSFTSDRASDRRNAAVKAFDLISSTVKKGCCSHPACSGNNPEYC
HIJWH8M02H51ET_frame=5,MGMRMMFTVFLLVALATTVVSFTS, ISSTVKKGCCSHPACSGNNPEYC
HIJWH8M02G76JV_frame=4,MKLTCVVIVAVLLLTACQLITADDSRGTQKHRALRSSTKLTLSTRCVPSGGSCSRTAYSCCHGSCSGGRC
HIJWH8M02G76JV_frame=4,MKLTCVVIVAVLLLTACQLITAD, CVPSGGSCSRTAYSCCHGSCSGGRC
HIJWH8M02JZ23I_frame=1,MKLTCVVIVAVLLLTACQLITADDSRGTQKHRALRSSTKLTLSTRCKSPGTPCSRGMRDCCTSCLLYSNKCR
HIJWH8M02JZ23I_frame=1,MKLTCVVIVAVLLLTACQLITAD, CKSPGTPCSRGMRDCCTSCLLYSNKC
HIJWH8M02HRSKL_frame=4,MKLTCVVIVAVLLLTACQLITADDSRGTQKHRALRSSTKLTLSTRCKSPGTPCSRGMRDCCTSCLLYSNKCR
HIJWH8M02HRSKL_frame=4,MKLTCVVIVAVLLLTACQLITAD, CKSPGTPCSRGMRDCCTSCLLYSNKC
HIJWH8M02H9JD8_frame=3,MGMRMMFTVFLLVVLAATIVSFTSDRASDGRNVAAKAFHRIGRTIRDECCSNPACRVNNPHVC
HIJWH8M02H9JD8_frame=3,MGMRMMFTVFLLVVLAATIVSFTS, FTSDRASDGRNVAAKAFHRIGRTIRDE, IGRTIRDECCSNPACRVNNPHVCRRR
HIJWH8M02FVCMA_frame=2,MKLTCVVIVAALLLTACQLITALDCGGTQKHRALRSTIKLSLLRQHRGWCGDPGATCGKLRLYCCSGFCDCYTKTC
HIJWH8M02FVCMA_frame=2,MKLTCVVIVAALLLTACQLITA, CGDPGATCGKLRLYCCSGFCDCYTKTC
HIJWH8M02JSNUT_frame=1,MSGLRIMVLTLLLLVLMTTSHQDAGEKQAMQRDAKNFSRRRLGIRKPKTRECEMLCEQEEKHCCRIRNENIQCAPRCL
HIJWH8M02JSNUT_frame=1,MSGLRIMVLTLLLLVLMTTSHQDA, TSHQDAGEKQAMQRDAKNFSRRR
HIJWH8M02F3MHB_frame=1,MKLTCVVIVAVLLLTACQLITADDSRGTQKHRALRSSTKLTLSTRCVPSGGSCSRTAYSCCHGSCSGGRC
HIJWH8M02F3MHB_frame=1,MKLTCVVIVAVLLLTACQLITAD, CVPSGGSCSRTAYSCCHGSCSGGRC
HIJWH8M02F6ZTL_frame=3,MKLTCVVIVAALLLTACQLITALDCGGTQKHRALRSTIKLSLLRQHRGWCGDPGATCGKLRLYCCSGFCDCYTKTC
HIJWH8M02F6ZTL_frame=3,MKLTCVVIVAALLLTACQLITA, CGDPGATCGKLRLYCCSGFCDCYTKTC
HIJWH8M02J0E54_frame=2,MGMRMMFTVFLLVVLAATIVSFTSDRASDGRNVAAKAFHRIGRTIRDECCSNPACRVNNPHVC
HIJWH8M02J0E54_frame=2,MGMRMMFTVFLLVVLAATIVSFTS, FTSDRASDGRNVAAKAFHRIGRTIRDE, IGRTIRDECCSNPACRVNNPHVCRRR
HIJWH8M02IQRQ1_frame=4,MKLTCVVIVAVLLLTACQLITADDSRGTQKHRALGSTTELSLSTRCKSPGSSCSPTSYNCCRSCNPYTKRCY
HIJWH8M02IQRQ1_frame=4,MKLTCVVIVAVLLLTACQLITAD, CKSPGSSCSPTSYNCCRSCNPYTKRCYGSSASSPFC
HIJWH8M02HXWJ9_frame=1,MKLTCVVIVAALLLTACQLITALDCGGTQKHRALRSTIKLSLLRQHRGWCGDPGATCGKLRLYCCSGFCDCYTKTC
HIJWH8M02HXWJ9_frame=1,MKLTCVVIVAALLLTACQLITA, CGDPGATCGKLRLYCCSGFCDCYTKTC
HIJWH8M02HKL8R_frame=5,MKLTCVVIVAVLLLTACQLITADDSRGTQKHRALRSSTKLTLSTRCKSPGTPCSRGMRDCCTSCLLYSNKCR
HIJWH8M02HKL8R_frame=5,MKLTCVVIVAVLLLTACQLITAD, CKSPGTPCSRGMRDCCTSCLLYSNKC
HIJWH8M02F5QG6_frame=1,MGMRMVFTVFLLVVLAATIVSFTSDRASDGRNVAAKAFHRIGRTIRDECCSNPACRVNNPHVC
HIJWH8M02F5QG6_frame=1,MGMRMVFTVFLLVVLAATIVSFTS, FTSDRASDGRNVAAKAFHRIGRTIRDE, IGRTIRDECCSNPACRVNNPHVC
HIJWH8M02IKHCQ_frame=1,MKLTCVVIVAVLLLTACQLITADDSRGTQKHRALGSTTELSLSTRCKSPGSSCSPTSYNCCRSCNPYTKRC
HIJWH8M02IKHCQ_frame=1,MKLTCVVIVAVLLLTACQLITAD, CKSPGSSCSPTSYNCCRSCNPYTKRCSGSSASSPFC
HIJWH8M02GXC3Y_frame=1,MSGLRIMVLTLLLLVLMTTSHQDAGEKQAMQRDAKNFSRRRLGIRKPKTRECEMLCEQEEKHCCRIRNENIQCAPRCL
HIJWH8M02GXC3Y_frame=1,MSGLRIMVLTLLLLVLMTTSHQDA, TSHQDAGEKQAMQRDAKNFSRRR
HIJWH8M02HRTMT_frame=4,MKLTCVVIVAVLLLTACQLITADDSRGTQKHRALGSTTELSLSTRCKSPGSSCSPTSYNCCRSCNPYTKRC
HIJWH8M02HRTMT_frame=4,MKLTCVVIVAVLLLTACQLITAD, CKSPGSSCSPTSYNCCRSCNPYTKRCSGSSASSPFC
HIJWH8M02HYI8D_frame=5,FTSDRASDGRNVAAKAFHRIGRTIRDECCSNPACRVNNPHVC
HIJWH8M02HYI8D_frame=5,FTSDRASDGRNVAAKAFHRIGRTIRDE, IGRTIRDECCSNPACRVNNPHVCRRR
HIJWH8M02H645L_frame=1,MGMRMMFTVFLLVVLAATIVSFTSDRASDGRNVAAKAFHRIGRTIRDECCSNPACRVNNPHVC
HIJWH8M02H645L_frame=1,MGMRMMFTVFLLVVLAATIVSFTS, FTSDRASDGRNVAAKAFHRIGRTIRDE, IGRTIRDECCSNPACRVNNPHVCRRR
HIJWH8M02HCS0T_frame=4,ALTERRSADATALKAEPVLLQKSAARSTDDNGKDRLTQMKRILKQRGNKARGEEELQENQELIREKV
HIJWH8M02HCS0T_frame=4,CMCKLYHTIMRIGRNFADPCTESRRQIVITKFDLNQR
HIJWH8M02GTXUW_frame=6,MKLTCVVIVAVLLLTACQLITADDSRGTQKHRALRSSTKLTLSTRCVPSGGSCSRTAYSCCHGSCSGGRC
HIJWH8M02GTXUW_frame=6,MKLTCVVIVAVLLLTACQLITAD, CVPSGGSCSRTAYSCCHGSCSGGRC
HIJWH8M02IFB3P_frame=4,MGMRMVFTVFLLVVLAATIVSFTSDRASDGRNVAAKAFHRIGRTIRDECCSNPACRVNNPHVC
HIJWH8M02IFB3P_frame=4,MGMRMVFTVFLLVVLAATIVSFTS, FTSDRASDGRNVAAKAFHRIGRTIRDE, IGRTIRDECCSNPACRVNNPHVC
HIJWH8M02JN1SH_frame=2,MKLTCVVIVAALLLTACQLITALDCGGTQKHRALRSTIKLSLLRQHRGWCGDPGATCGKLRLYCCSGFCDCYTKTC
HIJWH8M02JN1SH_frame=2,MKLTCVVIVAALLLTACQLITA, CGDPGATCGKLRLYCCSGFCDCYTKTC
